sample,video_time_s,marker_id,center_x,center_y,side_px
1,0.0,3,861.75,1641.75,57.58776605859746
1,0.0,11,175.0,1363.0,51.777855185611436
1,0.0,10,371.75,1288.75,45.261853910837885
1,0.0,0,614.0,612.25,44.819656241909165
1,0.0,1,661.75,1236.25,41.429097775170774
1,0.0,2,417.25,1366.5,40.206413003086084
2,0.5,3,861.0,1645.25,56.87624066278445
2,0.5,11,174.25,1366.0,52.01333234121241
2,0.5,10,370.5,1292.0,45.32887995294307
2,0.5,0,613.25,615.5,44.316464743040335
2,0.5,1,661.0,1239.25,41.51671226518168
2,0.5,2,416.25,1369.25,40.25296592795228
3,1.0,3,864.5,1652.75,57.579510490450595
3,1.0,11,177.25,1371.5,52.0190438967267
3,1.0,10,374.0,1297.75,45.50079264538974
3,1.0,0,616.75,622.0,44.36293721761812
3,1.0,1,664.25,1245.5,41.1192040028374
3,1.0,2,419.25,1375.25,40.25296592795228
4,1.5,3,872.0,1665.5,57.579116117671624
4,1.5,11,183.5,1380.75,52.08200504372028
4,1.5,10,380.5,1307.75,45.49552948768877
4,1.5,0,624.75,632.5,44.351264779811885
4,1.5,1,670.75,1256.0,41.59126305715955
4,1.5,2,425.5,1385.5,40.65186401694207
5,2.0,3,879.25,1676.25,58.26262190726861
5,2.0,11,190.75,1388.5,52.0163246466867
5,2.0,10,387.5,1315.75,45.49552948768877
5,2.0,0,632.75,641.0,44.38042057474013
5,2.0,1,678.5,1264.5,41.85379373362712
5,2.0,2,432.75,1393.75,40.856083651113714
6,2.5,3,885.75,1681.25,58.262077311179716
6,2.5,11,196.75,1391.0,52.013332341212404
6,2.5,10,394.0,1318.75,45.50079264538974
6,2.5,0,641.0,644.25,44.381068235006374
6,2.5,1,684.75,1268.5,41.78026173068825
6,2.5,2,438.75,1397.0,40.43008466150666
7,3.0,3,889.5,1684.0,58.68146108592848
7,3.0,11,201.25,1389.0,52.01333234121241
7,3.0,10,398.5,1317.75,45.49552948768877
7,3.0,0,649.5,645.0,44.61824585811018
7,3.0,1,690.0,1269.5,41.550536727592345
7,3.0,2,442.75,1396.5,40.30080309846875
8,3.5,3,894.5,1681.0,58.68146108592848
8,3.5,11,207.25,1381.5,51.86391473540299
8,3.5,10,405.0,1313.0,45.172667514759965
8,3.5,0,660.5,642.0,44.15256985224746
8,3.5,1,696.25,1267.5,41.791249635914944
8,3.5,2,448.75,1392.0,40.72947143877326
9,4.0,3,893.5,1681.25,58.674477843645896
9,4.0,11,207.5,1379.0,51.96631721938603
9,4.0,10,405.0,1311.25,45.339259252721476
9,4.0,0,664.5,641.25,44.41371014862861
9,4.0,1,697.0,1267.75,41.69924930006951
9,4.0,2,448.25,1390.5,40.720906041865376
10,4.5,3,889.0,1675.75,57.987431243738634
10,4.5,11,203.5,1373.0,51.96631721938603
10,4.5,10,401.0,1305.5,45.511020935922176
10,4.5,0,662.25,635.5,44.40984135170029
10,4.5,1,693.25,1262.25,42.134582570595164
10,4.5,2,444.0,1384.5,40.747596833923815
11,5.0,3,883.0,1673.5,57.98927772694062
11,5.0,11,197.25,1372.25,52.04293372307767
11,5.0,10,394.75,1304.75,45.585800850204414
11,5.0,0,655.0,634.25,44.41877362134932
11,5.0,1,686.75,1260.75,41.47813236866464
11,5.0,2,438.0,1383.5,40.747596833923815
12,5.5,3,877.25,1673.5,57.99175851293675
12,5.5,11,191.0,1374.0,52.10515973415386
12,5.5,10,389.0,1306.25,45.339259252721476
12,5.5,0,648.0,635.25,44.41877362134932
12,5.5,1,681.0,1261.0,42.05041582340237
12,5.5,2,432.0,1384.5,40.747596833923815
13,6.0,3,874.25,1672.75,57.56557806260914
13,6.0,11,187.75,1375.25,52.044286585011974
13,6.0,10,385.75,1306.25,45.58394981740008
13,6.0,0,644.0,635.0,44.14426111122539
13,6.0,1,677.75,1260.75,41.92903741057121
13,6.0,2,429.5,1385.25,40.698416941808276
14,6.5,3,873.25,1674.5,57.990254127945526
14,6.5,11,185.75,1377.25,52.044286585011974
14,6.5,10,383.75,1308.25,45.58394981740008
14,6.5,0,641.5,636.25,44.41371014862861
14,6.5,1,675.75,1262.75,41.92903741057121
14,6.5,2,428.25,1387.0,40.3092754186289
15,7.0,3,871.0,1675.5,57.98927772694062
15,7.0,11,183.75,1379.25,52.044286585011974
15,7.0,10,382.0,1310.0,45.66738679075007
15,7.0,0,639.0,638.0,44.65041028444289
15,7.0,1,673.75,1263.75,41.92903741057121
15,7.0,2,425.5,1388.5,40.744969866674474
16,7.5,3,870.5,1676.75,57.56508637027772
16,7.5,11,183.25,1380.5,52.342820620086044
16,7.5,10,381.0,1311.25,45.339259252721476
16,7.5,0,638.5,639.25,44.41371014862861
16,7.5,1,673.25,1264.75,41.63488687433483
16,7.5,2,425.25,1390.25,41.145210677263336
17,8.0,3,871.0,1678.25,57.99734314666042
17,8.0,11,182.75,1382.0,52.36386939215572
17,8.0,10,381.0,1313.0,45.66738679075007
17,8.0,0,637.75,641.0,44.38042057474013
17,8.0,1,673.0,1266.25,41.71051786962001
17,8.0,2,424.75,1391.5,40.30080309846875
18,8.5,3,871.25,1680.75,57.98756188033634
18,8.5,11,183.0,1384.25,51.92478788454488
18,8.5,10,381.0,1315.0,45.66738679075007
18,8.5,0,637.75,642.75,44.10549396508494
18,8.5,1,673.5,1268.75,41.70792047916635
18,8.5,2,425.0,1393.5,40.747596833923815
19,9.0,3,870.5,1683.5,57.99273491394165
19,9.0,11,182.0,1387.0,52.10515973415386
19,9.0,10,380.0,1317.5,45.672556588660825
19,9.0,0,636.75,645.25,44.14890123010487
19,9.0,1,672.25,1271.0,41.619143638237844
19,9.0,2,424.25,1396.25,40.67737290940621
20,9.5,3,869.75,1686.0,58.26070799641386
20,9.5,11,180.5,1389.5,52.105573520168065
20,9.5,10,379.0,1320.0,45.66738679075007
20,9.5,0,635.75,648.25,44.14890123010487
20,9.5,1,671.25,1273.5,41.791249635914944
20,9.5,2,423.5,1399.25,40.698416941808276
21,10.0,3,868.75,1688.25,58.25372475413128
21,10.0,11,179.5,1391.25,52.285900026529774
21,10.0,10,378.0,1321.75,45.83915073402117
21,10.0,0,635.25,650.25,44.18613454831155
21,10.0,1,670.5,1275.75,41.70792047916635
21,10.0,2,422.0,1400.5,40.747596833923815
22,10.5,3,867.0,1690.0,57.98301657558545
22,10.5,11,179.0,1388.5,52.584874967895715
22,10.5,10,377.75,1319.25,45.58394981740008
22,10.5,0,635.25,651.25,44.18613454831155
22,10.5,1,669.5,1276.75,41.70792047916635
22,10.5,2,420.75,1401.5,40.30080309846875
23,11.0,3,866.0,1688.5,57.98927772694062
23,11.0,11,177.75,1379.75,52.544241241764695
23,11.0,10,376.75,1311.0,45.76083560101863
23,11.0,0,634.75,649.75,44.10549396508494
23,11.0,1,668.25,1275.25,42.134582570595164
23,11.0,2,419.5,1400.0,40.75472643248489
24,11.5,3,864.0,1686.25,58.25470115513618
24,11.5,11,177.25,1366.25,52.524454582261384
24,11.5,10,376.25,1298.5,45.757396585915714
24,11.5,0,634.0,648.25,44.41877362134932
24,11.5,1,667.0,1273.0,42.05041582340237
25,12.0,3,864.0,1686.5,57.98927772694062
25,12.0,11,177.25,1338.0,52.7104841270248
25,12.0,10,377.25,1272.75,45.43630878822094
25,12.0,0,634.5,648.0,44.19630998104317
25,12.0,1,667.0,1273.0,41.359351346287156
26,12.5,3,864.5,1690.0,57.8383379315356
26,12.5,11,178.25,1297.25,52.89081063338651
26,12.5,10,379.0,1235.5,45.865110872979514
26,12.5,0,636.0,651.25,44.41877362134932
26,12.5,1,668.0,1276.25,41.71051786962001
26,12.5,2,419.75,1401.25,38.41627269109593
27,13.0,3,866.25,1694.25,58.25425472900992
27,13.0,11,180.0,1246.25,53.51047142023634
27,13.0,10,382.5,1188.75,46.02946614596763
27,13.0,0,638.0,654.75,43.92026561571765
27,13.0,1,669.75,1279.75,41.47813236866464
27,13.0,2,421.0,1404.5,38.10854441610572
28,13.5,3,867.0,1697.5,58.53157906364367
28,13.5,11,180.5,1194.0,54.07990961078676
28,13.5,10,384.25,1141.0,46.34713619539795
28,13.5,0,638.25,658.0,43.96965584720648
28,13.5,1,670.5,1283.0,41.551557717586235
28,13.5,2,421.75,1406.75,39.1938479558667
29,14.0,3,866.75,1701.0,58.6806921164507
29,14.0,11,180.5,1142.25,54.185981601248
29,14.0,10,385.25,1094.0,46.73800010055572
29,14.0,0,637.75,661.25,44.14890123010487
29,14.0,1,669.75,1285.75,41.47813236866464
29,14.0,2,421.0,1410.25,40.23004337300151
30,14.5,3,866.25,1704.25,58.25425472900992
30,14.5,11,180.25,1089.0,55.1351476714136
30,14.5,10,386.5,1045.5,46.88245981614565
30,14.5,0,637.0,664.25,44.41877362134932
30,14.5,1,669.0,1288.5,41.550536727592345
30,14.5,2,420.0,1412.75,40.10904201202053
31,15.0,3,866.25,1705.75,58.5263343630047
31,15.0,11,181.0,1026.75,55.45404958373065
31,15.0,10,389.0,989.25,47.5808286885132
31,15.0,0,637.5,665.25,44.41371014862861
31,15.0,1,669.25,1289.75,41.63488687433483
31,15.0,2,420.25,1414.25,40.35711258914536
32,15.5,3,867.75,1706.5,58.951736419092015
32,15.5,11,182.75,961.75,56.14453722832401
32,15.5,10,392.0,930.5,48.21300990748955
32,15.5,0,639.0,665.75,43.92026561571765
32,15.5,1,670.75,1290.25,41.67750536450609
32,15.5,2,421.5,1414.5,40.744969866674474
33,16.0,3,869.0,1706.0,58.26035556925178
33,16.0,11,184.75,898.5,56.83176742912806
33,16.0,10,395.75,873.0,48.358585653920564
33,16.0,0,640.25,665.25,44.18613454831155
33,16.0,1,671.75,1290.0,41.831596447779326
33,16.0,2,423.0,1414.0,40.28458214832337
34,16.5,3,869.25,1705.75,58.5263343630047
34,16.5,11,185.25,837.75,57.54137740208788
34,16.5,10,397.5,818.0,49.06134961013352
34,16.5,0,640.75,665.0,43.93210718763124
34,16.5,1,672.25,1289.5,41.791249635914944
34,16.5,2,423.0,1413.5,40.747596833923815
35,17.0,3,870.25,1705.25,58.25425472900992
35,17.0,11,185.25,773.75,58.00436365906042
35,17.0,10,399.5,759.75,49.7914008127881
35,17.0,0,641.25,664.25,44.18613454831155
35,17.0,1,672.75,1289.0,41.831596447779326
35,17.0,2,424.0,1413.25,40.329285473961654
36,17.5,11,186.25,701.5,59.261040911622274
36,17.5,3,870.75,1705.25,58.25372475413128
36,17.5,10,402.75,694.5,50.7724385111677
36,17.5,0,642.0,664.75,43.92026561571765
36,17.5,1,674.0,1289.25,41.89615159003105
36,17.5,2,424.75,1413.5,40.30080309846875
37,18.0,11,188.75,630.0,59.820294272545794
37,18.0,3,872.25,1707.25,58.25425472900992
37,18.0,10,407.5,629.5,51.57443857735107
37,18.0,0,643.0,666.25,44.41877362134932
37,18.0,1,675.0,1290.75,41.69924930006951
37,18.0,2,426.25,1415.0,40.3092754186289
38,18.5,11,193.5,567.5,60.26665081010218
38,18.5,3,873.0,1710.5,58.53157906364367
38,18.5,10,414.5,573.5,51.80239179646894
38,18.5,0,643.5,669.25,43.921425407365724
38,18.5,1,675.25,1293.75,41.63488687433483
38,18.5,2,426.0,1418.0,40.55052517979213
39,19.0,11,199.25,508.25,60.25465238731351
39,19.0,3,873.0,1714.5,58.53157906364367
39,19.0,10,422.25,520.25,51.98481928764581
39,19.0,0,644.0,672.75,43.92026561571765
39,19.0,1,675.25,1297.0,41.99124320472589
39,19.0,2,426.0,1421.25,40.329285473961654
40,19.5,11,206.5,449.75,59.18632040723631
40,19.5,3,874.0,1717.5,58.95268267535378
40,19.5,10,431.75,467.75,51.22886943150049
40,19.5,0,644.75,674.5,43.881498469577195
40,19.5,1,676.25,1299.25,42.134582570595164
40,19.5,2,426.5,1423.5,40.744969866674474
41,20.0,3,874.5,1718.5,58.94909593032494
41,20.0,11,216.0,379.75,56.5709750211254
41,20.0,10,444.0,405.5,49.41028046732306
41,20.0,0,645.0,675.75,43.92026561571765
41,20.0,1,676.75,1300.5,41.82374997390959
41,20.0,2,427.25,1424.75,40.47653256809122
42,20.5,3,873.5,1719.5,58.94909593032494
42,20.5,11,230.25,309.25,54.37068249793846
42,20.5,10,462.25,342.75,47.40455304840184
42,20.5,0,643.75,676.75,43.650004328460724
42,20.5,1,675.75,1301.5,41.82374997390959
42,20.5,2,425.75,1425.5,40.30080309846875
43,21.0,3,872.5,1720.75,58.944835057096675
43,21.0,11,252.5,251.25,53.01483789393163
43,21.0,10,487.0,293.0,46.80325517543711
43,21.0,0,642.75,678.25,43.6888382811099
43,21.0,1,674.75,1302.75,42.17721405302427
43,21.0,2,425.25,1427.25,40.35711258914536
44,21.5,3,873.0,1719.75,58.52708573417495
44,21.5,11,272.25,215.0,52.879009681681566
44,21.5,10,509.0,261.75,46.54129023633033
44,21.5,0,643.75,677.0,43.87399982396846
44,21.5,1,675.25,1301.75,42.147616215757616
44,21.5,2,426.0,1426.0,40.55052517979213
45,22.0,3,874.5,1716.5,58.94909593032494
45,22.0,11,289.75,189.25,53.248487889163684
45,22.0,10,528.0,239.75,46.59332643277688
45,22.0,0,645.25,674.0,43.96965584720648
45,22.0,1,677.0,1299.0,42.05041582340237
45,22.0,2,427.75,1423.0,40.31193823148855
46,22.5,3,876.75,1715.0,58.682954157404595
46,22.5,11,302.75,173.5,53.41975307122427
46,22.5,10,543.0,225.5,46.833879453043046
46,22.5,0,647.25,672.75,43.687941884048456
46,22.5,1,678.75,1297.5,41.82374997390959
46,22.5,2,429.0,1421.5,40.27474669863979
47,23.0,3,877.5,1716.5,58.94909593032494
47,23.0,11,304.25,174.75,53.37232207665009
47,23.0,10,544.25,226.75,46.811678340151765
47,23.0,0,647.75,673.75,43.650004328460724
47,23.0,1,679.5,1299.0,42.06138455828103
47,23.0,2,429.75,1422.5,40.720906041865376
48,23.5,3,877.0,1718.75,58.52708573417495
48,23.5,11,304.25,176.75,53.37232207665009
48,23.5,10,543.25,229.0,46.694319971927115
48,23.5,0,647.0,675.75,43.92026561571765
48,23.5,1,679.25,1301.0,41.783599446812
48,23.5,2,429.5,1424.75,40.920091255363154
49,24.0,3,876.75,1720.75,58.525809739757214
49,24.0,11,303.75,179.5,53.41975307122427
49,24.0,10,543.0,231.25,46.7862462954546
49,24.0,0,647.25,677.75,43.687941884048456
49,24.0,1,679.0,1302.5,42.2526913199718
49,24.0,2,429.25,1426.75,40.94534624907478
50,24.5,3,877.25,1722.75,58.947037481461194
50,24.5,11,304.75,181.0,52.75362892625613
50,24.5,10,543.5,233.25,46.80298264692452
50,24.5,0,647.5,679.5,43.65402264683805
50,24.5,1,679.25,1304.25,42.134582570595164
50,24.5,2,429.5,1428.5,40.744969866674474
51,25.0,3,878.75,1724.5,58.951736419092015
51,25.0,11,306.0,182.75,52.90121890928851
51,25.0,10,544.5,235.0,47.157276590398396
51,25.0,1,680.25,1305.25,42.134582570595164
51,25.0,2,430.25,1429.5,40.720906041865376
52,25.5,3,879.25,1724.5,59.37064596816131
52,25.5,11,305.75,182.75,52.886315533223076
52,25.5,10,544.0,234.5,46.677144796845695
52,25.5,0,648.25,680.75,43.687941884048456
52,25.5,1,680.75,1305.75,42.17721405302427
52,25.5,2,431.0,1429.75,40.50103650507712
53,26.0,3,879.75,1722.5,58.951736419092015
53,26.0,11,304.5,181.5,52.94868267355131
53,26.0,10,544.0,233.0,47.158068071034144
53,26.0,0,648.5,679.25,43.921425407365724
53,26.0,1,681.25,1304.25,42.134582570595164
53,26.0,2,431.5,1428.5,40.744969866674474
54,26.5,3,879.75,1721.75,58.94750373390244
54,26.5,11,304.5,180.5,53.400090656888736
54,26.5,10,544.0,232.5,46.833879453043046
54,26.5,0,648.0,678.75,43.92026561571765
54,26.5,1,681.25,1303.25,42.134582570595164
54,26.5,2,431.75,1427.75,40.47764896946074
55,27.0,3,880.0,1722.75,58.94685975308495
55,27.0,11,304.5,182.25,52.82547305309619
55,27.0,10,544.0,233.5,46.833879453043046
55,27.0,1,681.25,1304.25,42.134582570595164
55,27.0,2,432.0,1429.25,40.329285473961654
56,27.5,3,880.5,1724.75,58.944835057096675
56,27.5,11,305.5,184.25,52.82547305309619
56,27.5,10,544.75,235.5,46.354595080299696
56,27.5,1,682.0,1306.0,42.05041582340237
56,27.5,2,432.0,1430.5,40.747596833923815
57,28.0,3,881.5,1726.25,58.95703830307874
57,28.0,11,305.5,185.5,52.94868267355131
57,28.0,10,544.75,237.0,47.14910985583851
57,28.0,0,649.0,682.75,43.92026561571765
57,28.0,1,682.0,1307.0,42.05041582340237
57,28.0,2,432.25,1431.75,40.94534624907478
57,28.0,17,781.25,658.75,17.477018354121647
58,28.5,3,881.5,1726.75,58.944835057096675
58,28.5,11,305.5,186.5,52.94868267355131
58,28.5,10,544.0,237.75,46.72324931171796
58,28.5,0,649.0,683.0,43.64141269771264
58,28.5,1,682.25,1308.25,42.134582570595164
58,28.5,2,432.75,1432.75,40.94415508017225
59,29.0,3,882.0,1727.5,58.95268267535378
59,29.0,11,304.25,187.5,52.93285567185319
59,29.0,10,543.5,238.5,46.344181297205594
59,29.0,0,648.25,683.75,43.687941884048456
59,29.0,1,682.0,1308.25,42.199131138685765
59,29.0,2,432.5,1433.5,40.744969866674474
60,29.5,3,881.5,1726.75,58.944835057096675
60,29.5,11,303.5,186.5,52.94868267355131
60,29.5,10,542.25,238.0,46.675948095457734
60,29.5,0,647.5,683.25,42.03355703511489
60,29.5,1,681.75,1308.0,42.28020393390407
60,29.5,2,432.5,1433.5,40.744969866674474
61,30.0,3,882.5,1727.5,58.94909593032494
61,30.0,11,303.75,188.25,52.80589278796226
61,30.0,10,542.75,239.0,47.14910985583851
61,30.0,0,648.0,684.5,43.64579454674662
61,30.0,1,682.25,1309.0,42.29095558162689
61,30.0,2,433.0,1434.25,40.329285473961654
62,30.5,3,883.0,1729.5,58.95268267535378
62,30.5,11,303.25,190.5,52.93285567185319
62,30.5,10,542.0,240.75,46.72324931171796
62,30.5,0,647.75,685.5,43.881498469577195
62,30.5,1,682.25,1310.25,42.134582570595164
62,30.5,2,433.0,1435.75,40.50103650507712
63,31.0,3,883.5,1731.25,59.22235041801399
63,31.0,11,303.0,192.25,53.278106630602515
63,31.0,10,541.5,242.75,47.17494182820934
63,31.0,0,647.25,686.75,41.697342690492405
63,31.0,1,682.75,1312.0,42.28020393390407
63,31.0,2,433.5,1437.5,40.744969866674474
64,31.5,3,883.0,1732.5,59.3707632708987
64,31.5,11,302.0,194.25,53.278106630602515
64,31.5,10,540.25,244.5,46.33465598582564
64,31.5,0,646.25,688.5,41.482964661842075
64,31.5,1,682.25,1313.25,42.134582570595164
64,31.5,2,432.5,1439.25,40.698416941808276
65,32.0,3,881.75,1733.25,59.22027575096759
65,32.0,11,299.75,195.0,52.8568125021677
65,32.0,10,538.5,245.5,46.344181297205594
65,32.0,0,644.5,689.5,43.65402264683805
65,32.0,1,680.5,1314.25,42.207689532284085
65,32.0,2,431.25,1440.5,40.30080309846875
66,32.5,3,880.75,1733.0,59.222987965508146
66,32.5,11,298.25,194.75,53.25836755768769
66,32.5,10,536.75,245.5,46.82414195914166
66,32.5,0,643.25,689.25,43.70259663558375
66,32.5,1,679.25,1314.0,42.29095558162689
66,32.5,2,429.75,1440.5,40.720906041865376
67,33.0,3,880.5,1731.5,58.94909593032494
67,33.0,11,297.75,194.0,52.8568125021677
67,33.0,10,536.75,244.5,46.82414195914166
67,33.0,0,643.0,688.5,43.70348750146498
67,33.0,1,679.25,1313.25,42.134582570595164
67,33.0,2,429.75,1439.5,40.30080309846875
68,33.5,3,880.75,1730.5,58.951736419092015
68,33.5,11,293.0,198.75,53.0021020791614
68,33.5,10,531.25,248.25,46.86400729994634
68,33.5,0,643.75,687.0,43.38261749615401
68,33.5,1,679.25,1311.75,42.147616215757616
68,33.5,2,430.0,1437.75,40.923820512980924
69,34.0,3,880.5,1729.75,58.944835057096675
69,34.0,11,279.0,217.5,53.08623500706929
69,34.0,10,517.0,263.75,46.78886674972218
69,34.0,0,644.5,686.5,43.65402264683805
69,34.0,1,680.0,1311.0,42.05041582340237
69,34.0,2,430.5,1437.0,40.87364334877859
70,34.5,3,881.5,1729.5,58.94909593032494
70,34.5,11,261.75,247.5,52.96393062985666
70,34.5,10,496.5,289.75,46.64256439146533
70,34.5,0,646.25,685.75,43.687941884048456
70,34.5,1,681.0,1311.0,42.05041582340237
70,34.5,2,431.5,1436.5,40.744969866674474
71,35.0,3,882.5,1729.5,58.94909593032494
71,35.0,11,246.75,285.5,53.66013851144077
71,35.0,10,479.25,322.75,47.09267787754707
71,35.0,1,682.25,1310.5,42.490949150437835
71,35.0,2,432.75,1435.75,40.47764896946074
72,35.5,3,883.5,1729.5,58.94909593032494
72,35.5,11,236.75,320.0,53.81386798484795
72,35.5,10,467.5,352.5,47.47353506848779
72,35.5,0,649.25,685.5,43.47149139047976
72,35.5,1,683.25,1310.25,42.134582570595164
72,35.5,2,434.0,1435.75,40.50103650507712
73,36.0,3,884.5,1728.5,58.94909593032494
73,36.0,11,227.75,355.0,55.4601536466996
73,36.0,10,457.5,383.5,48.14986509823429
73,36.0,0,650.5,684.75,43.42291740173406
73,36.0,1,684.25,1309.25,42.134582570595164
73,36.0,2,434.5,1434.5,40.744969866674474
73,36.0,17,783.25,660.25,18.371210305503567
74,36.5,3,885.0,1726.5,58.95268267535378
74,36.5,11,222.0,389.0,56.757834519804476
74,36.5,10,449.5,413.5,49.12743196926628
74,36.5,0,651.0,682.75,43.92026561571765
74,36.5,1,685.0,1307.5,42.04486690531445
74,36.5,2,435.25,1432.5,40.30080309846875
75,37.0,3,885.75,1724.25,59.22027575096759
75,37.0,11,217.5,421.0,57.874699827585246
75,37.0,10,443.75,441.5,50.06436991562204
75,37.0,1,685.5,1306.0,42.06138455828103
75,37.0,2,436.0,1430.5,40.747596833923815
76,37.5,11,213.75,452.25,58.797114685896034
76,37.5,3,886.75,1721.75,58.525809739757214
76,37.5,10,439.0,469.25,51.11241997236639
76,37.5,1,686.75,1304.0,42.28020393390407
76,37.5,2,437.25,1428.75,40.94534624907478
77,38.0,11,211.0,483.75,59.479118621538774
77,38.0,3,886.75,1720.75,58.525809739757214
77,38.0,10,434.5,497.5,51.52398658861361
77,38.0,1,686.75,1303.0,42.28020393390407
77,38.0,2,437.5,1427.5,40.744969866674474
78,38.5,11,208.25,517.25,60.25465238731351
78,38.5,3,887.0,1720.5,58.95268267535378
78,38.5,10,431.0,528.0,51.91625502832843
78,38.5,1,687.25,1302.25,42.134582570595164
78,38.5,2,438.0,1427.25,40.329285473961654
79,39.0,11,206.5,552.5,59.93568042768054
79,39.0,3,887.75,1719.5,58.951736419092015
79,39.0,10,427.25,559.25,52.01194515637675
79,39.0,0,653.5,676.25,43.921425407365724
79,39.0,1,687.75,1301.25,42.132396884008536
79,39.0,2,438.5,1426.0,40.75472643248489
80,39.5,11,203.75,586.5,59.94538539398658
80,39.5,3,887.75,1717.75,58.525809739757214
80,39.5,10,423.0,590.25,51.972555510973585
80,39.5,0,654.0,675.0,43.64141269771264
80,39.5,1,688.0,1300.0,42.05041582340237
80,39.5,2,439.25,1425.0,40.3092754186289
81,40.0,11,201.5,625.75,59.841159251290975
81,40.0,3,888.25,1717.0,58.94509184256787
81,40.0,10,420.0,625.75,51.372382143229956
81,40.0,0,654.25,674.25,44.18613454831155
81,40.0,1,688.25,1299.25,42.134582570595164
81,40.0,2,439.25,1424.25,40.35711258914536
82,40.5,11,200.5,665.25,59.29527236263897
82,40.5,3,888.25,1717.0,58.68202973708202
82,40.5,10,417.75,661.5,51.28344269660072
82,40.5,0,654.25,674.25,44.18613454831155
82,40.5,1,688.25,1299.25,42.134582570595164
82,40.5,2,439.25,1424.25,40.35711258914536
83,41.0,3,888.75,1719.5,58.951736419092015
83,41.0,11,201.0,704.75,58.77444140239531
83,41.0,10,416.25,697.25,50.51377863146655
83,41.0,0,654.75,676.0,43.87399982396846
83,41.0,1,689.0,1301.0,42.05041582340237
83,41.0,2,439.5,1425.75,40.920091255363154
84,41.5,3,889.5,1723.0,59.2228102371319
84,41.5,11,202.25,743.5,58.25663619853549
84,41.5,10,416.5,733.0,50.01582312598691
84,41.5,0,656.0,678.75,43.92026561571765
84,41.5,1,689.25,1304.25,42.134582570595164
84,41.5,2,439.75,1428.5,40.30080309846875
85,42.0,3,889.75,1724.75,58.945215724035315
85,42.0,11,203.0,780.0,58.0092560861063
85,42.0,10,416.25,766.5,49.780637933142486
85,42.0,0,656.75,680.5,43.881498469577195
85,42.0,1,690.0,1305.75,41.69924930006951
85,42.0,2,440.25,1430.5,40.30080309846875
86,42.5,3,891.0,1725.5,58.95268267535378
86,42.5,11,203.75,814.5,57.761103903744505
86,42.5,10,416.0,797.75,49.79551963491703
86,42.5,0,657.25,680.5,43.919047129152446
86,42.5,1,690.5,1306.0,42.06138455828103
86,42.5,2,441.0,1430.5,40.27474669863979
87,43.0,3,890.75,1724.75,58.945215724035315
87,43.0,11,203.75,848.5,57.274803012980826
87,43.0,10,415.5,828.75,49.325486708653074
87,43.0,0,658.0,680.0,44.14426111122539
87,43.0,1,691.25,1305.25,42.134582570595164
87,43.0,2,441.5,1429.5,40.744969866674474
88,43.5,3,891.75,1725.0,59.222987965508146
88,43.5,11,204.0,883.75,56.81700294906255
88,43.5,10,415.0,860.5,48.60319226225647
88,43.5,0,658.0,680.25,43.93508496478081
88,43.5,1,691.5,1306.0,42.06138455828103
88,43.5,2,442.25,1430.25,40.35711258914536
89,44.0,3,892.25,1728.0,59.22186831908167
89,44.0,11,204.75,921.0,56.331803949469304
89,44.0,10,414.5,894.25,48.370917834573945
89,44.0,0,659.0,683.25,43.87735056890956
89,44.0,1,692.25,1308.25,42.134582570595164
89,44.0,2,442.5,1432.75,40.920091255363154
90,44.5,3,893.5,1733.75,58.944835057096675
90,44.5,11,205.75,961.75,56.14453722832401
90,44.5,10,414.5,931.75,47.94561952143669
90,44.5,0,659.75,687.5,43.881498469577195
90,44.5,1,693.0,1313.0,42.05041582340237
90,44.5,2,442.75,1437.5,40.30080309846875
91,45.0,3,894.0,1736.0,59.64032710381317
91,45.0,11,206.0,999.5,55.67820936450098
91,45.0,10,414.0,966.25,48.0004190330866
91,45.0,0,660.25,689.75,43.687941884048456
91,45.0,1,693.75,1315.5,41.82374997390959
91,45.0,2,443.5,1440.0,40.08165459014288
92,45.5,3,893.25,1735.75,59.36638509493305
92,45.5,11,205.0,1032.75,55.45404958373065
92,45.5,10,412.0,996.75,47.50051149724488
92,45.5,0,659.25,689.5,43.919047129152446
92,45.5,1,692.75,1315.0,41.831596447779326
92,45.5,2,442.75,1439.5,40.30080309846875
93,46.0,3,892.75,1735.0,59.640892507413305
93,46.0,11,204.25,1066.0,55.06057317152286
93,46.0,10,410.25,1027.0,47.5529469331457
93,46.0,0,659.0,689.75,43.92026561571765
93,46.0,1,692.25,1314.75,42.147616215757616
93,46.0,2,442.5,1439.25,40.80127935735109
94,46.5,3,892.0,1738.75,59.367455481188685
94,46.5,11,203.0,1101.25,55.09419811765268
94,46.5,10,408.5,1059.75,47.181999329475936
94,46.5,0,658.75,692.0,43.87399982396846
94,46.5,1,692.0,1317.5,42.04486690531445
94,46.5,2,441.75,1442.25,40.35849115635475
95,47.0,3,892.0,1744.5,59.91506841254006
95,47.0,11,201.5,1138.5,54.89553571005325
95,47.0,10,406.75,1094.0,47.23355801573336
95,47.0,0,657.5,697.5,43.65402264683805
95,47.0,1,691.0,1322.25,41.89615159003105
95,47.0,2,440.5,1447.5,40.744969866674474
96,47.5,3,892.0,1749.75,59.9098296570434
96,47.5,11,201.5,1174.75,54.68590187551216
96,47.5,10,405.5,1127.0,46.98163308462823
96,47.5,0,657.75,701.75,43.650004328460724
96,47.5,1,691.25,1327.25,42.134582570595164
96,47.5,2,441.25,1452.25,40.35711258914536
97,48.0,3,893.0,1751.25,59.92167944421961
97,48.0,11,201.5,1206.75,54.28038906520756
97,48.0,10,405.25,1156.5,46.84688721806103
97,48.0,0,657.75,703.25,43.60659706344079
97,48.0,1,691.75,1328.75,41.92903741057121
97,48.0,2,441.0,1453.5,40.747596833923815
98,48.5,3,893.75,1750.25,59.639798408912036
98,48.5,11,201.75,1237.75,54.04166699170156
98,48.5,10,405.0,1184.75,46.80167852829036
98,48.5,0,658.5,702.5,43.65402264683805
98,48.5,1,692.5,1328.0,42.06138455828103
98,48.5,2,442.5,1453.0,40.75472643248489
99,49.0,3,895.0,1749.5,59.91506841254006
99,49.0,11,202.0,1269.75,54.010388768786015
99,49.0,10,404.5,1214.0,46.71868290608192
99,49.0,0,658.75,701.75,43.650004328460724
99,49.0,1,693.25,1327.25,42.134582570595164
99,49.0,2,442.75,1452.5,40.30080309846875
100,49.5,3,894.25,1748.0,59.64189751457744
100,49.5,11,201.0,1301.25,53.51047142023634
100,49.5,10,402.75,1242.25,46.29520423035599
100,49.5,0,657.75,700.25,43.60659706344079
100,49.5,1,692.25,1326.0,42.29095558162689
100,49.5,2,442.0,1451.5,40.27474669863979
101,50.0,3,892.0,1744.0,59.64032710381317
101,50.0,11,199.0,1328.5,53.320023966663086
101,50.0,10,400.5,1267.0,46.3507242757443
101,50.0,0,656.0,697.0,43.65337100162279
101,50.0,1,690.5,1322.75,42.36511839248703
101,50.0,2,440.75,1448.25,40.35849115635475
102,50.5,3,891.0,1741.0,59.64032710381317
102,50.5,11,197.25,1353.75,53.39076696907871
102,50.5,10,398.0,1290.25,46.18225078711462
102,50.5,0,654.75,694.75,43.650004328460724
102,50.5,1,689.25,1320.25,42.134582570595164
102,50.5,2,439.25,1445.5,40.720906041865376
103,51.0,3,889.75,1740.0,59.222987965508146
103,51.0,11,196.0,1375.75,53.266374579268714
103,51.0,10,396.5,1310.75,46.314600418080275
103,51.0,0,653.5,693.5,43.65402264683805
103,51.0,1,688.25,1318.75,42.63429125911335
104,51.5,3,889.75,1743.0,59.222987965508146
104,51.5,11,196.25,1396.75,53.02440923901411
104,51.5,10,396.0,1330.5,46.016197827071935
104,51.5,0,654.0,695.75,43.92026561571765
104,51.5,1,688.25,1321.5,42.490949150437835
105,52.0,3,892.25,1748.5,59.63538762365464
105,52.0,11,198.0,1411.5,52.94805220575185
105,52.0,10,397.75,1344.25,45.93428236953425
105,52.0,0,656.75,700.25,43.60659706344079
105,52.0,1,690.5,1325.75,42.36511839248703
106,52.5,3,895.25,1752.5,59.92076912527433
106,52.5,11,200.5,1420.75,52.785811018974705
106,52.5,10,400.25,1353.75,46.0855263840147
106,52.5,0,659.0,703.75,43.92026561571765
106,52.5,1,693.25,1329.5,42.490949150437835
107,53.0,3,896.75,1754.5,60.33522115336652
107,53.0,11,201.75,1428.5,52.863825727847924
107,53.0,10,400.75,1360.0,46.25713114237566
107,53.0,0,659.0,705.25,43.93508496478081
107,53.0,1,694.25,1331.25,42.439670896910286
108,53.5,3,897.75,1755.0,59.640892507413305
108,53.5,11,202.5,1433.25,52.285900026529774
108,53.5,10,401.75,1364.75,46.08368211378964
108,53.5,0,659.0,706.75,43.92026561571765
108,53.5,1,694.75,1332.25,42.42897961378703
108,53.5,2,444.25,1458.0,40.993643754887266
109,54.0,3,898.25,1756.0,59.64189751457744
109,54.0,11,202.0,1439.5,53.08911407740674
109,54.0,10,400.75,1370.5,46.411811911888634
109,54.0,0,657.75,707.25,43.60659706344079
109,54.0,1,694.0,1333.0,42.52159441121225
109,54.0,2,444.25,1459.25,40.83111943197366
110,54.5,3,897.25,1756.0,59.64189751457744
110,54.5,11,200.5,1445.0,52.60548283367352
110,54.5,10,399.5,1375.25,46.47267801007885
110,54.5,0,655.75,707.75,43.650004328460724
110,54.5,1,692.75,1333.25,42.42897961378703
110,54.5,2,443.25,1459.75,40.94534624907478
111,55.0,3,894.5,1755.5,60.33690232882155
111,55.0,11,197.75,1449.75,52.66546943172953
111,55.0,10,396.75,1379.75,46.08368211378964
111,55.0,0,652.75,708.25,43.60659706344079
111,55.0,1,690.5,1333.75,42.36511839248703
111,55.0,2,441.0,1460.75,41.388464824169915
112,55.5,3,893.0,1755.25,59.637614889272626
112,55.5,11,195.75,1450.25,53.16542576742173
112,55.5,10,394.75,1380.5,46.411811911888634
112,55.5,0,650.75,708.25,43.60659706344079
112,55.5,1,688.75,1333.75,42.44237419110705
112,55.5,2,439.25,1460.75,40.94534624907478
113,56.0,3,892.5,1756.25,59.640722505490245
113,56.0,11,195.25,1451.5,52.98949104399803
113,56.0,10,394.5,1381.0,46.309284366097444
113,56.0,0,649.75,708.5,43.43322621420805
113,56.0,1,688.5,1334.0,42.510898468180145
113,56.0,2,438.25,1461.5,40.77166065873291
114,56.5,3,892.75,1757.5,59.91957291737226
114,56.5,11,195.5,1452.5,52.60987797449048
114,56.5,10,394.75,1382.25,46.243444791103144
114,56.5,0,650.5,710.25,43.84419636877398
114,56.5,1,688.75,1335.75,42.62359997599009
114,56.5,2,439.0,1462.75,41.388464824169915
115,57.0,3,892.75,1758.5,59.91957291737226
115,57.0,11,195.0,1453.75,52.9075237795392
115,57.0,10,394.0,1383.5,46.16728053212016
115,57.0,0,649.75,711.0,43.38261749615401
115,57.0,1,688.25,1336.5,42.28329788587856
115,57.0,2,438.5,1463.75,40.96941007388388
116,57.5,3,892.25,1758.0,59.64189751457744
116,57.5,11,194.5,1453.25,52.929460781634226
116,57.5,10,393.75,1383.0,46.41505803164677
116,57.5,0,648.75,710.5,43.881498469577195
116,57.5,1,687.75,1336.25,42.42897961378703
116,57.5,2,438.0,1463.25,41.16813013788744
117,58.0,3,891.5,1756.5,60.33690232882155
117,58.0,11,194.25,1452.5,52.98949104399803
117,58.0,10,393.0,1381.75,46.330057763783174
117,58.0,0,648.75,709.5,43.37512957157387
117,58.0,1,687.25,1334.75,42.63429125911335
117,58.0,2,437.25,1462.0,40.895857574359766
118,58.5,3,890.25,1754.5,59.92076912527433
118,58.5,11,193.0,1450.25,52.92478788454488
118,58.5,10,392.25,1380.5,46.411811911888634
118,58.5,0,647.75,708.0,43.87399982396846
118,58.5,1,685.75,1333.0,42.28020393390407
118,58.5,2,436.25,1460.5,41.12080336890799
119,59.0,3,888.5,1753.5,60.33690232882155
119,59.0,11,191.5,1449.75,52.785811018974705
119,59.0,10,391.0,1379.0,46.17245019448261
119,59.0,0,646.75,707.25,43.60659706344079
119,59.0,1,684.75,1332.25,42.42897961378703
119,59.0,2,434.75,1459.5,40.77166065873291
120,59.5,3,887.5,1753.25,59.639613950805206
120,59.5,11,191.0,1449.5,52.74880949681338
120,59.5,10,389.75,1379.25,46.243444791103144
120,59.5,0,645.75,707.0,43.38261749615401
120,59.5,1,683.75,1332.25,42.42897961378703
120,59.5,2,434.0,1459.25,41.388464824169915
121,60.0,3,887.25,1752.75,59.653917506900406
121,60.0,11,190.5,1448.75,52.785811018974705
121,60.0,10,389.5,1378.75,45.97278652877917
121,60.0,0,645.5,706.5,43.65402264683805
121,60.0,1,683.25,1331.75,42.63429125911335
121,60.0,2,434.0,1458.75,41.388464824169915
122,60.5,3,887.0,1752.75,59.64958907034903
122,60.5,11,189.75,1449.0,52.84277527683877
122,60.5,10,389.0,1378.75,46.330057763783174
122,60.5,0,645.0,706.75,43.92026561571765
122,60.5,1,682.75,1331.75,42.44237419110705
122,60.5,2,433.25,1458.75,40.94534624907478
123,61.0,3,885.75,1753.0,59.222987965508146
123,61.0,11,189.0,1448.75,52.9075237795392
123,61.0,10,388.0,1378.75,46.330057763783174
123,61.0,0,644.0,706.75,43.92026561571765
123,61.0,1,682.0,1332.0,42.52159441121225
123,61.0,2,432.25,1458.75,40.94534624907478
124,61.5,3,883.5,1752.0,59.222046047457916
124,61.5,11,187.25,1448.5,52.84847619452989
124,61.5,10,386.0,1378.5,46.16728053212016
124,61.5,0,642.75,706.25,43.60659706344079
124,61.5,1,680.25,1331.5,42.28329788587856
124,61.5,2,430.75,1458.75,40.94415508017225
125,62.0,3,880.25,1751.0,59.65287158223896
125,62.0,11,183.5,1447.75,52.785811018974705
125,62.0,10,382.75,1377.5,46.411811911888634
125,62.0,0,639.5,705.5,43.65402264683805
125,62.0,1,676.75,1330.25,42.42897961378703
125,62.0,2,427.5,1457.75,41.38987505972072
126,62.5,3,880.0,1753.0,59.64032710381317
126,62.5,11,183.5,1449.5,52.60987797449048
126,62.5,10,382.75,1379.25,46.243444791103144
126,62.5,0,639.75,707.25,43.60659706344079
126,62.5,1,676.75,1332.25,42.42897961378703
126,62.5,2,426.75,1459.5,40.77166065873291
127,63.0,3,879.5,1755.5,59.503439713825024
127,63.0,11,183.0,1451.0,53.08478428140117
127,63.0,10,382.75,1381.0,46.41505803164677
127,63.0,0,640.0,709.5,43.70348750146498
127,63.0,1,676.5,1334.0,42.510898468180145
127,63.0,2,426.75,1461.5,40.77166065873291
128,63.5,3,875.75,1758.25,59.22027575096759
128,63.5,11,181.5,1452.5,52.60987797449048
128,63.5,10,380.75,1383.0,46.41505803164677
128,63.5,0,639.0,712.75,43.417732543573464
128,63.5,1,674.5,1337.0,42.510898468180145
128,63.5,2,424.25,1463.25,40.94415508017225
129,64.0,3,879.5,1743.5,58.94909593032494
129,64.0,11,184.5,1438.5,52.60987797449048
129,64.0,10,383.5,1369.75,45.85460807972406
129,64.0,0,643.25,699.25,43.64453461902852
129,64.0,1,677.25,1324.25,42.134582570595164
129,64.0,2,427.25,1449.75,41.365176842682146
130,64.5,3,873.5,1732.75,58.944835057096675
130,64.5,11,180.5,1428.5,52.60987797449048
130,64.5,10,379.5,1359.75,45.85460807972406
130,64.5,0,640.5,689.75,43.91512858835302
130,64.5,1,673.25,1314.75,42.63429125911335
130,64.5,2,423.25,1440.0,40.993643754887266
131,65.0,3,874.5,1732.5,58.94909593032494
131,65.0,11,181.0,1428.25,52.76646358682378
131,65.0,10,380.25,1359.75,46.0855263840147
131,65.0,0,641.0,689.75,43.92026561571765
131,65.0,1,673.75,1314.5,42.272433452657225
131,65.0,2,424.0,1439.75,41.388464824169915
132,65.5,3,878.25,1734.75,58.94465732872043
132,65.5,11,184.5,1430.0,52.60548283367352
132,65.5,10,383.75,1361.5,45.91531725307455
132,65.5,0,643.5,691.5,43.65402264683805
132,65.5,1,677.0,1316.25,42.199131138685765
132,65.5,2,427.25,1441.5,41.19176360212954
133,66.0,3,881.0,1734.75,59.364814684168785
133,66.0,11,187.25,1430.0,52.85220588301489
133,66.0,10,386.0,1361.75,45.83915073402117
133,66.0,0,646.0,691.5,43.64579454674662
133,66.0,1,679.25,1316.0,42.29095558162689
133,66.0,2,429.75,1441.5,41.19176360212954
134,66.5,3,882.75,1734.75,58.945215724035315
134,66.5,11,188.75,1429.25,52.5340210702718
134,66.5,10,387.75,1360.5,45.91531725307455
134,66.5,0,647.0,691.25,43.87735056890956
134,66.5,1,681.25,1316.25,42.134582570595164
134,66.5,2,431.25,1441.5,40.77166065873291
135,67.0,3,884.0,1735.25,59.637614889272626
135,67.0,11,190.5,1424.0,52.60548283367352
135,67.0,10,389.75,1355.5,45.91531725307455
135,67.0,0,648.25,691.75,43.687941884048456
135,67.0,1,682.0,1316.75,42.17060103797746
135,67.0,2,432.25,1442.0,40.993643754887266
136,67.5,3,885.75,1735.0,59.36406718884922
136,67.5,11,193.25,1415.0,52.84277527683877
136,67.5,10,391.75,1346.75,46.08368211378964
136,67.5,0,650.0,691.75,43.92026561571765
136,67.5,1,684.25,1316.5,42.28329788587856
137,68.0,3,887.75,1733.75,58.945215724035315
137,68.0,11,194.5,1395.25,52.65101923592601
137,68.0,10,394.0,1328.75,45.83915073402117
137,68.0,0,651.0,690.5,44.15186307903349
137,68.0,1,685.5,1315.25,42.35435230705035
138,68.5,3,888.75,1733.5,59.36963010378198
138,68.5,11,195.75,1387.5,52.71421169479921
138,68.5,10,395.25,1321.5,45.757396585915714
138,68.5,0,652.0,690.75,43.92026561571765
138,68.5,1,686.5,1315.25,42.207689532284085
139,69.0,3,890.25,1734.5,59.37064596816131
139,69.0,11,196.75,1388.25,52.90019757525483
139,69.0,10,396.0,1322.0,46.01091467729226
139,69.0,0,652.25,691.0,43.88055770592735
139,69.0,1,687.25,1315.75,42.147616215757616
140,69.5,3,890.5,1734.0,59.2228102371319
140,69.5,11,196.75,1388.25,52.90019757525483
140,69.5,10,396.0,1322.0,46.01091467729226
140,69.5,0,652.0,690.75,43.417732543573464
140,69.5,1,687.25,1316.0,42.29095558162689
141,70.0,3,889.5,1733.0,59.2228102371319
141,70.0,11,195.5,1387.5,52.46622653289148
141,70.0,10,395.25,1321.75,46.0855263840147
141,70.0,0,651.0,690.5,44.15186307903349
141,70.0,1,686.25,1315.0,42.29095558162689
142,70.5,3,888.5,1731.5,58.94909593032494
142,70.5,11,195.0,1386.5,52.94805220575185
142,70.5,10,394.5,1320.0,46.02621283808502
142,70.5,0,650.75,689.0,43.87399982396846
142,70.5,1,685.5,1313.75,42.36511839248703
143,71.0,3,890.25,1728.5,58.950605915450346
143,71.0,11,197.25,1384.5,52.84847619452989
143,71.0,10,396.25,1318.25,45.93603432203122
143,71.0,0,651.75,686.75,43.650004328460724
143,71.0,1,687.25,1312.0,42.29095558162689
144,71.5,3,895.0,1729.75,59.23879087512541
144,71.5,11,200.75,1385.0,52.70793982948228
144,71.5,10,399.75,1318.75,46.08368211378964
144,71.5,0,654.75,687.25,43.60659706344079
144,71.5,1,691.0,1312.0,42.05041582340237
145,72.0,3,894.75,1727.5,59.37329677518182
145,72.0,11,201.5,1383.75,52.785811018974705
145,72.0,10,400.5,1317.25,45.81470893678059
145,72.0,0,655.25,686.25,44.10526113280885
145,72.0,1,691.5,1310.5,42.01101937237012
146,72.5,3,889.5,1717.0,58.6798273127175
146,72.5,11,198.0,1373.75,52.781138121885355
146,72.5,10,396.75,1307.75,46.08368211378964
146,72.5,0,652.5,676.75,43.91512858835302
146,72.5,1,687.5,1302.0,42.06138455828103
147,73.0,3,887.25,1708.5,59.37449450096846
147,73.0,11,197.0,1365.0,52.9524494672794
147,73.0,10,395.75,1299.25,45.93428236953425
147,73.0,0,652.75,668.5,43.881498469577195
147,73.0,1,686.25,1293.5,41.791249635914944
148,73.5,3,886.0,1706.25,58.25470115513618
148,73.5,11,196.5,1362.25,52.65101923592601
148,73.5,10,395.5,1297.25,45.703523250153744
148,73.5,0,653.0,666.5,44.15186307903349
148,73.5,1,686.25,1292.0,42.29095558162689
149,74.0,3,884.75,1709.5,58.951736419092015
149,74.0,11,195.25,1364.0,52.7104841270248
149,74.0,10,394.25,1299.5,45.757396585915714
149,74.0,0,653.0,669.25,44.41877362134932
149,74.0,1,685.0,1294.0,42.05041582340237
150,74.5,3,883.75,1713.5,58.951736419092015
150,74.5,11,194.0,1366.5,52.94805220575185
150,74.5,10,393.5,1302.25,45.703523250153744
150,74.5,0,653.0,672.5,44.15186307903349
150,74.5,1,684.25,1297.5,42.28329788587856
151,75.0,3,883.25,1717.0,58.68202973708202
151,75.0,11,194.0,1369.0,52.9524494672794
151,75.0,10,393.5,1304.5,45.88040903377228
151,75.0,0,654.0,675.5,44.15186307903349
151,75.0,1,684.25,1300.75,42.147616215757616
152,75.5,3,885.75,1718.25,58.68383723806138
152,75.5,11,196.75,1369.25,52.90019757525483
152,75.5,10,396.0,1304.75,45.83915073402117
152,75.5,0,657.0,675.75,43.92026561571765
152,75.5,1,686.75,1301.0,41.831596447779326
153,76.0,3,887.25,1717.75,59.36638509493305
153,76.0,11,198.25,1367.75,53.02440923901411
153,76.0,10,397.5,1304.25,45.703523250153744
153,76.0,0,659.0,674.75,43.92026561571765
153,76.0,1,688.25,1300.0,42.29095558162689
154,76.5,3,888.25,1718.5,59.37064596816131
154,76.5,11,198.75,1368.5,52.71421169479921
154,76.5,10,398.5,1304.5,45.88040903377228
154,76.5,0,660.0,675.75,43.92026561571765
154,76.5,1,689.25,1301.25,42.134582570595164
155,77.0,3,889.5,1719.5,58.95277742985048
155,77.0,11,199.75,1369.5,52.71421169479921
155,77.0,10,399.5,1305.25,45.703523250153744
155,77.0,0,660.5,676.25,44.019845440357095
155,77.0,1,690.25,1302.0,42.29095558162689
156,77.5,3,891.25,1719.75,59.36638509493305
156,77.5,11,201.5,1370.25,52.65101923592601
156,77.5,10,400.75,1306.0,45.76083560101863
156,77.5,0,661.25,676.5,43.919047129152446
156,77.5,1,691.25,1301.75,42.147616215757616
157,78.0,3,892.5,1719.75,58.944835057096675
157,78.0,11,202.5,1370.5,52.46622653289148
157,78.0,10,401.75,1306.25,45.93428236953425
157,78.0,0,662.0,676.75,43.92026561571765
157,78.0,1,692.25,1302.25,42.134582570595164
158,78.5,3,892.0,1719.75,58.94685975308495
158,78.5,11,202.5,1371.0,52.4706927295643
158,78.5,10,401.5,1306.5,45.88040903377228
158,78.5,0,662.0,677.0,44.14426111122539
158,78.5,1,692.5,1302.5,42.26899372739603
159,79.0,3,891.5,1720.75,58.944835057096675
159,79.0,11,201.75,1371.25,52.90019757525483
159,79.0,10,401.0,1307.0,46.01091467729226
159,79.0,0,661.75,677.75,44.18538987560995
159,79.0,1,692.25,1303.25,42.134582570595164
160,79.5,3,891.75,1722.75,59.36588507042442
160,79.5,11,202.0,1372.5,52.94805220575185
160,79.5,10,401.25,1308.5,45.757396585915714
160,79.5,0,662.0,679.5,44.15186307903349
160,79.5,1,692.25,1305.0,42.29095558162689
161,80.0,3,893.0,1724.25,58.96110706581606
161,80.0,11,202.5,1373.25,52.65101923592601
161,80.0,10,401.75,1309.25,45.93428236953425
161,80.0,0,663.0,680.5,44.15186307903349
161,80.0,1,693.0,1306.0,42.05041582340237
162,80.5,3,892.75,1724.0,59.222987965508146
162,80.5,11,202.75,1373.5,52.71421169479921
162,80.5,10,401.75,1309.5,45.75739658591571
162,80.5,0,663.25,680.5,43.919047129152446
162,80.5,1,693.25,1306.25,42.134582570595164
163,81.0,3,891.75,1722.75,59.36588507042442
163,81.0,11,202.5,1372.25,52.65101923592601
163,81.0,10,401.5,1308.5,45.88040903377228
163,81.0,0,662.25,679.5,43.919047129152446
163,81.0,1,692.25,1305.0,42.29095558162689
164,81.5,3,891.5,1722.0,58.94665293867188
164,81.5,11,201.75,1372.25,52.90019757525483
164,81.5,10,401.25,1308.25,45.93603432203122
164,81.5,0,662.0,678.75,43.92026561571765
164,81.5,1,692.25,1304.25,42.134582570595164
165,82.0,3,891.5,1722.5,58.95277742985048
165,82.0,11,201.5,1372.25,52.65101923592601
165,82.0,10,400.75,1308.25,45.93428236953425
165,82.0,0,661.25,679.25,44.18613454831155
165,82.0,1,691.75,1304.75,42.17721405302427
166,82.5,3,891.25,1724.25,59.379070358623586
166,82.5,11,200.75,1374.5,52.71421169479921
166,82.5,10,400.25,1310.5,45.757396585915714
166,82.5,0,661.0,680.75,43.92026561571765
166,82.5,1,691.25,1306.25,42.134582570595164
167,83.0,3,891.25,1725.25,59.379070358623586
167,83.0,11,200.75,1375.25,52.90019757525483
167,83.0,10,400.0,1311.25,46.18225078711462
167,83.0,0,660.5,681.75,43.91512858835302
167,83.0,1,691.25,1307.5,42.28329788587856
168,83.5,3,891.0,1726.5,58.95630879130335
168,83.5,11,200.25,1376.25,52.89887354207171
168,83.5,10,399.5,1312.25,45.703523250153744
168,83.5,0,660.0,682.75,43.92026561571765
168,83.5,1,690.25,1308.0,42.29095558162689
169,84.0,3,890.75,1726.75,59.36588507042442
169,84.0,11,200.5,1377.0,52.4706927295643
169,84.0,10,399.25,1312.75,45.934282369534245
169,84.0,0,659.5,682.75,43.91512858835302
169,84.0,1,690.75,1308.75,42.17721405302427
170,84.5,3,891.75,1727.25,58.95798022112897
170,84.5,11,200.5,1378.0,52.96613920427589
170,84.5,10,399.75,1313.25,45.93428236953425
170,84.5,0,659.5,683.5,44.1466227294695
170,84.5,1,691.25,1309.25,42.134582570595164
171,85.0,3,892.25,1729.75,59.36638509493305
171,85.0,11,201.0,1380.25,52.76646358682378
171,85.0,10,400.5,1315.5,45.88040903377228
171,85.0,0,660.0,686.0,44.14426111122539
171,85.0,1,691.25,1311.0,42.29095558162689
172,85.5,3,893.75,1732.0,59.222987965508146
172,85.5,11,201.75,1382.25,52.90019757525483
172,85.5,10,401.0,1317.75,45.83915073402117
172,85.5,0,660.5,687.75,43.91512858835302
172,85.5,1,692.25,1313.25,42.134582570595164
173,86.0,3,894.0,1733.25,59.637614889272626
173,86.0,11,202.25,1383.75,53.02440923901411
173,86.0,10,401.25,1319.25,45.93603432203122
173,86.0,0,660.25,689.25,43.70259663558375
173,86.0,1,692.75,1315.0,42.28020393390407
174,86.5,3,893.75,1733.75,58.945215724035315
174,86.5,11,201.75,1384.25,52.90019757525483
174,86.5,10,401.0,1319.25,46.18225078711462
174,86.5,0,660.0,689.5,44.15186307903349
174,86.5,1,692.25,1315.0,42.29095558162689
175,87.0,3,893.5,1735.0,59.2228102371319
175,87.0,11,201.25,1385.5,52.70478108862309
175,87.0,10,400.75,1320.25,45.93428236953425
175,87.0,0,659.75,690.5,43.881498469577195
175,87.0,1,692.25,1316.25,42.134582570595164
176,87.5,3,893.25,1736.0,59.64239204400384
176,87.5,11,200.75,1386.25,52.90019757525483
176,87.5,10,400.5,1321.25,45.703523250153744
176,87.5,0,659.25,691.25,43.70259663558375
176,87.5,1,691.75,1317.0,42.28020393390407
177,88.0,3,893.25,1736.75,59.36638509493305
177,88.0,11,200.75,1386.75,53.03379618088243
177,88.0,10,400.0,1322.0,46.01091467729226
177,88.0,0,659.5,691.75,43.91512858835302
177,88.0,1,691.25,1317.25,42.134582570595164
178,88.5,3,893.25,1736.75,59.36638509493305
178,88.5,11,201.0,1386.5,52.94805220575185
178,88.5,10,400.5,1322.0,46.02621283808502
178,88.5,0,660.0,692.25,43.9195765476714
178,88.5,1,692.0,1317.25,42.199131138685765
179,89.0,3,894.0,1736.0,59.64032710381317
179,89.0,11,201.75,1386.25,52.90019757525483
179,89.0,10,401.25,1321.5,45.757396585915714
179,89.0,0,660.5,691.25,43.92925076942044
179,89.0,1,692.5,1316.75,42.36511839248703
180,89.5,3,894.5,1737.0,59.64396245476811
180,89.5,11,202.0,1386.5,52.94805220575185
180,89.5,10,401.5,1321.75,46.203107103886225
180,89.5,0,661.0,692.0,43.69558105216366
180,89.5,1,693.0,1317.25,42.199131138685765
181,90.0,3,894.25,1738.0,59.64239204400384
181,90.0,11,201.75,1387.5,52.71421169479921
181,90.0,10,401.25,1323.0,46.257131142375655
181,90.0,0,660.75,693.0,43.87399982396846
181,90.0,1,693.0,1318.25,42.199131138685765
